{"cameraMode":{"drawMode":0,"name":"Shaded","section":"Shading Mode"},"sceneLighting":true,"audioPlay":false,"sceneViewState":{"showFog":false,"showMaterialUpdate":false,"showSkybox":false,"showFlares":false,"showImageEffects":false,"showParticleSystems":false,"showVisualEffectGraphs":true,"m_FxEnabled":true},"in2DMode":false,"pivot":{"x":-3.8658692836761476,"y":6.42716121673584,"z":16.649972915649415},"rotation":{"x":-0.08987963199615479,"y":0.009264685213565827,"z":-0.0008212638786062598,"w":-0.9959564208984375},"size":16.393381118774415,"orthographic":false}