{"cameraMode":{"drawMode":0,"name":"Shaded","section":"Shading Mode"},"sceneLighting":false,"audioPlay":false,"sceneViewState":{"showFog":false,"showMaterialUpdate":false,"showSkybox":false,"showFlares":false,"showImageEffects":false,"showParticleSystems":false,"showVisualEffectGraphs":true,"m_FxEnabled":true},"in2DMode":false,"pivot":{"x":-5.5229997634887699,"y":0.40340667963027956,"z":-48.11000061035156},"rotation":{"x":-0.07476720958948136,"y":0.06606428325176239,"z":-0.004960278980433941,"w":-0.9950098991394043},"size":0.6093705892562866,"orthographic":false}