{"cameraMode":{"drawMode":0,"name":"Shaded","section":"Shading Mode"},"sceneLighting":false,"audioPlay":false,"sceneViewState":{"showFog":false,"showMaterialUpdate":false,"showSkybox":false,"showFlares":false,"showImageEffects":false,"showParticleSystems":false,"showVisualEffectGraphs":true,"m_FxEnabled":true},"in2DMode":false,"pivot":{"x":0.08032939583063126,"y":0.023112177848815919,"z":0.10312247276306153},"rotation":{"x":-0.2274245023727417,"y":0.025129053741693498,"z":-0.005831667687743902,"w":-0.9734854102134705},"size":1.5000174045562745,"orthographic":false}