{"cameraMode":{"drawMode":0,"name":"Shaded","section":"Shading Mode"},"sceneLighting":false,"audioPlay":false,"sceneViewState":{"showFog":false,"showMaterialUpdate":false,"showSkybox":false,"showFlares":false,"showImageEffects":false,"showParticleSystems":false,"showVisualEffectGraphs":true,"m_FxEnabled":true},"in2DMode":false,"pivot":{"x":-1.375953197479248,"y":8.876932144165039,"z":-2.7701199054718019},"rotation":{"x":-0.26558375358581545,"y":0.0034690650645643474,"z":-0.0009551908588036895,"w":-0.964088499546051},"size":1.2866026163101197,"orthographic":false}