{"cameraMode":{"drawMode":0,"name":"Shaded","section":"Shading Mode"},"sceneLighting":false,"audioPlay":false,"sceneViewState":{"showFog":false,"showMaterialUpdate":false,"showSkybox":false,"showFlares":false,"showImageEffects":false,"showParticleSystems":false,"showVisualEffectGraphs":true,"m_FxEnabled":true},"in2DMode":false,"pivot":{"x":2.1008639335632326,"y":0.0754900574684143,"z":-1.0656132698059083},"rotation":{"x":-0.026076368987560273,"y":0.9671508073806763,"z":-0.11072924733161926,"w":-0.22746464610099793},"size":2.1000173091888429,"orthographic":false}