{"cameraMode":{"drawMode":0,"name":"Shaded","section":"Shading Mode"},"sceneLighting":false,"audioPlay":false,"sceneViewState":{"showFog":false,"showMaterialUpdate":false,"showSkybox":false,"showFlares":false,"showImageEffects":false,"showParticleSystems":false,"showVisualEffectGraphs":true,"m_FxEnabled":true},"in2DMode":false,"pivot":{"x":11.655841827392579,"y":0.07800006866455078,"z":-2.1790122985839845},"rotation":{"x":-0.026076368987560273,"y":0.9671508073806763,"z":-0.11072924733161926,"w":-0.22746464610099793},"size":2.4047470092773439,"orthographic":false}