{"cameraMode":{"drawMode":0,"name":"Shaded","section":"Shading Mode"},"sceneLighting":true,"audioPlay":false,"sceneViewState":{"showFog":false,"showMaterialUpdate":false,"showSkybox":false,"showFlares":false,"showImageEffects":false,"showParticleSystems":false,"showVisualEffectGraphs":true,"m_FxEnabled":true},"in2DMode":false,"pivot":{"x":0.032223448157310489,"y":2.4126222133636476,"z":0.14842242002487184},"rotation":{"x":0.29295477271080019,"y":0.008541198447346688,"z":-0.0026820411439985039,"w":0.956153154373169},"size":6.883357048034668,"orthographic":false}