{"cameraMode":{"drawMode":0,"name":"Shaded","section":"Shading Mode"},"sceneLighting":false,"audioPlay":false,"sceneViewState":{"showFog":false,"showMaterialUpdate":false,"showSkybox":false,"showFlares":false,"showImageEffects":false,"showParticleSystems":false,"showVisualEffectGraphs":true,"m_FxEnabled":true},"in2DMode":false,"pivot":{"x":-0.03746527433395386,"y":0.5291405916213989,"z":-0.1108853816986084},"rotation":{"x":0.14161565899848939,"y":0.07446274906396866,"z":0.010724486783146859,"w":-0.9870924949645996},"size":0.9000174403190613,"orthographic":false}